﻿Designator,Footprint,Quantity,Value,LCSC Part #
AE1,SMA_Amphenol_901-143_Horizontal,1,Antenna,
"C1, C2, C5",0603,3,4.7uF,
"C10, C11",0603,2,0.47uF,
"C12, C14",0603,2,33nF,
C15,0603,1,10pF,
"C3, C4",0603,2,22pF,
"C6, C7, C9",0603,3,0.1uF,
C8,0603,1,47uF,
FB1,0805,1,2.5K,
IC1,SOP64P600X175-24N,1,SI4844-A10-GU,
J1,Jack_3.5mm_CUI_SJ1-3523N_Horizontal,1,AudioJack3,
J2,PinHeader_1x04_P2.54mm_Vertical,1,Conn_01x04_Pin,
J3,PinHeader_1x02_P2.54mm_Vertical,1,Conn_01x02_Socket,
J4,PinHeader_1x07_P2.54mm_Vertical,1,Conn_01x07_Pin,
L1,PinHeader_1x02_P2.54mm_Horizontal,1,L_Ferrite_Small,
L2,0603,1,270nH,
Q1,SS9018,1,NPN,
"R1, R2",0603,2,2.2K,
R3,0603,1,1K,
"R4, R7",0603,2,100K,
R5,0603,1,10,
R6,0603,1,120K,
R8,0603,1,100,
RV1,RK09L1120A2S,1,100K,
U1,MODULE_ARDUINO_PRO_MINI,1,ARDUINO_PRO_MINI,
Y1,Crystal_HC49-4H_Vertical,1,32.768 kHz,
